"Country, Year",Overall rank,Score,Whisker.high,Whisker.low,GDP per capita,Social support,Healthy life expectancy,Freedom to make life choices,Generosity,Perceptions of corruption,Dystopia.Residual
Norway 2017,1,7.537000179,7.594444821,7.479555538,1.616463184,1.53352356,0.796666503,0.6354225874,0.3620122373,0.3159638345,2.277026653
Denmark 2017,2,7.521999836,7.581728065,7.462271607,1.482383013,1.551121593,0.7925655246,0.6260067225,0.3552804887,0.4007700682,2.313707352
Iceland 2017,3,7.504000187,7.622030473,7.385969901,1.48063302,1.610574007,0.8335521221,0.6271626353,0.4755402207,0.1535265595,2.322715282
Switzerland 2017,4,7.493999958,7.56177242,7.426227496,1.564979553,1.516911745,0.8581312895,0.6200705767,0.2905492783,0.3670072854,2.276716232
Finland 2017,5,7.468999863,7.527542076,7.41045765,1.443571925,1.540246725,0.8091576695,0.6179508567,0.2454827726,0.3826115429,2.430181503
Netherlands 2017,6,7.376999855,7.427425841,7.326573869,1.503944635,1.428939223,0.810696125,0.5853844881,0.4704898298,0.2826618254,2.294804096
Canada 2017,7,7.315999985,7.384402835,7.247597134,1.479204416,1.481348991,0.8345576525,0.6111009121,0.4355397224,0.2873715162,2.187264442
New Zealand 2017,8,7.31400013,7.379510442,7.248489818,1.405706048,1.548195124,0.8167597055,0.6140621305,0.500005126,0.3828167021,2.046456337
Sweden 2017,9,7.28399992,7.344094877,7.223904962,1.494387269,1.478162169,0.8308751583,0.612924099,0.3853992522,0.3843987286,2.097537994
Australia 2017,10,7.28399992,7.356651225,7.211348615,1.484414935,1.510041952,0.8438867927,0.6016073823,0.47769925,0.3011837304,2.065210819
Israel 2017,11,7.212999821,7.279853256,7.146146385,1.375382423,1.376289964,0.8384039998,0.4059886038,0.330082655,0.08524210006,2.801757336
Costa Rica 2017,12,7.078999996,7.168111666,6.989888326,1.109706283,1.416403651,0.7595092654,0.58013165,0.214613229,0.1001065895,2.898639202
Austria 2017,13,7.006000042,7.070669812,6.941330272,1.487097263,1.459944963,0.8153284192,0.5677661896,0.3164723217,0.2210603654,2.138506413
United States 2017,14,6.993000031,7.074656748,6.911343313,1.546259284,1.419920564,0.7742866278,0.5057405233,0.3925787807,0.1356387883,2.218113422
Ireland 2017,15,6.977000237,7.043351668,6.910648805,1.535706639,1.558231115,0.8097826242,0.573110342,0.4278583229,0.2983881533,1.773869038
Germany 2017,16,6.951000214,7.005381569,6.896618858,1.487923384,1.472520351,0.7989507318,0.5625113845,0.33626917,0.2767319381,2.015769958
Belgium 2017,17,6.890999794,6.95582075,6.826178838,1.463780761,1.462312698,0.8180918694,0.5397707224,0.2315033376,0.2513431311,2.124210358
Luxembourg 2017,18,6.862999916,6.9236861,6.802313732,1.741943598,1.457583666,0.8450894952,0.5966278911,0.2831809819,0.318834424,1.619512081
United Kingdom 2017,19,6.714000225,6.783791761,6.644208689,1.44163394,1.49646008,0.8053359389,0.5081900358,0.4927741587,0.2654280663,1.704143524
Chile 2017,20,6.65199995,6.73925056,6.564749341,1.25278461,1.284024954,0.8194797039,0.3768952787,0.3266624212,0.08228798211,2.509585857
United Arab Emirates 2017,21,6.647999763,6.722047304,6.573952223,1.626343369,1.266410232,0.7267982364,0.6083452702,0.3609419465,0.3244895637,1.734703541
Brazil 2017,22,6.635000229,6.725469502,6.544530956,1.10735321,1.431306005,0.6165523529,0.4374537468,0.1623498946,0.1110927612,2.769267082
Czech Republic 2017,23,6.609000206,6.683862463,6.534137949,1.352682352,1.433885217,0.7544440031,0.4909461737,0.08810675889,0.0368729271,2.451861858
Argentina 2017,24,6.598999977,6.690085086,6.507914868,1.185295463,1.440451145,0.6951370835,0.4945192039,0.1094570607,0.05973988771,2.614005327
Mexico 2017,25,6.578000069,6.671148908,6.48485123,1.153183818,1.21086216,0.7099789977,0.4127300084,0.1209904328,0.1327741146,2.837154865
Singapore 2017,26,6.572000027,6.636723069,6.507276984,1.69227767,1.353814363,0.9494923949,0.5498405695,0.3459659815,0.464307785,1.216362
Malta 2017,27,6.52699995,6.598396773,6.455603128,1.343279839,1.488411665,0.8219442368,0.5887670517,0.5747305751,0.1530660689,1.556862831
Uruguay 2017,28,6.453999996,6.545906218,6.362093775,1.217559695,1.412227869,0.7192168236,0.5793922544,0.1750969291,0.1780618727,2.172409534
Guatemala 2017,29,6.453999996,6.566873973,6.34112602,0.872001946,1.255585194,0.5402399898,0.5313106179,0.2834883928,0.07722327858,2.893891096
Panama 2017,30,6.452000141,6.557130716,6.346869566,1.233748436,1.373192549,0.7061561346,0.550026834,0.2105569392,0.07098392397,2.307199955
France 2017,31,6.441999912,6.515767802,6.368232022,1.430923462,1.387776852,0.8444658518,0.4702221155,0.1297623068,0.1725024283,2.005954742
Thailand 2017,32,6.423999786,6.509116856,6.338882717,1.127868772,1.425792456,0.6472390294,0.5802007318,0.5721231103,0.03161273524,2.039508343
Taiwan Province of China 2017,33,6.421999931,6.494596022,6.349403841,1.433626533,1.384565353,0.7939842343,0.3614665866,0.2583604753,0.06382923573,2.126607418
Spain 2017,34,6.402999878,6.471054845,6.334944911,1.384397864,1.532090902,0.8889605999,0.4087812304,0.1901335716,0.07091409713,1.92775774
Qatar 2017,35,6.375,6.568476814,6.181523186,1.870765686,1.27429688,0.7100980878,0.6041309834,0.33047387,0.4392992556,1.14546442
Colombia 2017,36,6.356999874,6.452020054,6.261979694,1.070622325,1.402182937,0.5950279236,0.4774874151,0.149014473,0.04666874185,2.616068125
Saudi Arabia 2017,37,6.343999863,6.444166612,6.243833113,1.530623555,1.286677599,0.5901483297,0.4497505724,0.1476160139,0.2734322548,2.065429688
Trinidad and Tobago 2017,38,6.168000221,6.381533891,5.954466552,1.361355901,1.380228519,0.5199832916,0.518630743,0.3252964616,0.008964816108,2.053247452
Kuwait 2017,39,6.105000019,6.191956989,6.018043049,1.632952452,1.259698749,0.6321057081,0.4963375926,0.2282897979,0.2151595503,1.640425205
Slovakia 2017,40,6.09800005,6.177348412,6.018651687,1.325393558,1.505059242,0.7127329111,0.2958174646,0.1365444809,0.02421085164,2.097776651
Bahrain 2017,41,6.086999893,6.178989068,5.995010719,1.488412261,1.323110461,0.6531330347,0.5367469192,0.1726684868,0.2570421696,1.656149387
Malaysia 2017,42,6.084000111,6.179979637,5.988020585,1.29121542,1.284646034,0.6187844276,0.4022649825,0.4166089296,0.06560070813,2.004448891
Nicaragua 2017,43,6.071000099,6.1865836,5.955416598,0.7372992039,1.28721571,0.6530959606,0.4475518465,0.301674217,0.1306879818,2.513930559
Ecuador 2017,44,6.007999897,6.105847675,5.910152119,1.000820398,1.286168814,0.6856362224,0.4551981986,0.150112465,0.1401346475,2.290352583
El Salvador 2017,45,6.002999783,6.108635122,5.897364443,0.9097844958,1.182125092,0.5960185528,0.4324525297,0.07825798541,0.08998095989,2.714593887
Poland 2017,46,5.97300005,6.053908341,5.892091758,1.291787863,1.44571197,0.699475348,0.5203421116,0.1584659666,0.05930780619,1.797722816
Uzbekistan 2017,47,5.971000195,6.065537573,5.876462816,0.7864410877,1.54896915,0.4982726276,0.6582486629,0.4159836471,0.2465282232,1.816913605
Italy 2017,48,5.964000225,6.042736906,5.885263544,1.395066619,1.444923282,0.8531443477,0.2564507127,0.1727896482,0.02802809142,1.813312054
Russia 2017,49,5.962999821,6.030274907,5.895724734,1.281778097,1.469282389,0.5473493338,0.3737831116,0.05226382241,0.03296288103,2.205607414
Belize 2017,50,5.955999851,6.197242318,5.714757385,0.907975316,1.081417799,0.450191766,0.5475093722,0.2400156409,0.09658107162,2.631955624
Japan 2017,51,5.920000076,5.990719445,5.849280708,1.416915178,1.436337829,0.9134758711,0.505625546,0.1205727682,0.1637607366,1.363223553
Lithuania 2017,52,5.90199995,5.982669641,5.821330259,1.314582348,1.473516107,0.6289499402,0.2342317849,0.01016465668,0.01186564285,2.228440523
Algeria 2017,53,5.872000217,5.978286434,5.765714001,1.091864467,1.146217465,0.6175846457,0.2333358079,0.069436647,0.1460961103,2.567603827
Latvia 2017,54,5.849999905,5.920263538,5.779736271,1.260748625,1.404714942,0.6385669708,0.3257079124,0.1530747861,0.07384272665,1.993655205
South Korea 2017,55,5.837999821,5.922559028,5.753440613,1.401678443,1.128274441,0.900214076,0.2579216659,0.2066743672,0.06328266859,1.880378008
Moldova 2017,56,5.837999821,5.908370838,5.767628803,0.7288706303,1.251825571,0.5894652009,0.2407290488,0.2087791264,0.01009128615,2.807808399
Romania 2017,57,5.824999809,5.919694157,5.730305462,1.217683911,1.15009129,0.6851583123,0.4570037425,0.1335199177,0.004387900699,2.176831484
Bolivia 2017,58,5.822999954,5.903976903,5.742023006,0.833756566,1.227619052,0.4736302495,0.5587329268,0.2255607247,0.06047772616,2.443279028
Turkmenistan 2017,59,5.822000027,5.885180876,5.758819178,1.130776763,1.493149161,0.4377260804,0.418271929,0.2499249876,0.2592703402,1.832909822
Kazakhstan 2017,60,5.818999767,5.903641775,5.73435776,1.28455627,1.384369016,0.6060415506,0.4374542832,0.2019644231,0.1192828864,1.784892559
North Cyprus 2017,61,5.809999943,5.897366465,5.722633421,1.346911311,1.186303377,0.8346472383,0.4712036252,0.2668457031,0.1553533524,1.549157619
Slovenia 2017,62,5.757999897,5.84222516,5.673774634,1.341205955,1.452518821,0.790828228,0.5725758076,0.2426490933,0.04512897879,1.313317299
Peru 2017,63,5.715000153,5.811946779,5.618053527,1.035225272,1.218770385,0.6301661134,0.4500028789,0.1268197149,0.04704908654,2.20726943
Mauritius 2017,64,5.629000187,5.729862192,5.528138182,1.189395547,1.20956099,0.638007462,0.4912473261,0.3609337509,0.04218155518,1.697583914
Cyprus 2017,65,5.620999813,5.714692699,5.527306927,1.355938077,1.131363273,0.8447147012,0.3551115394,0.2712543011,0.0412379764,1.621249199
Estonia 2017,66,5.611000061,5.688139874,5.533860248,1.32087934,1.4766711,0.6951683164,0.4791314304,0.0988908112,0.1832489222,1.357508659
Belarus 2017,67,5.568999767,5.646114244,5.491885291,1.15655756,1.444945216,0.6377142668,0.2954002619,0.1551375091,0.1563138217,1.723232985
Libya 2017,68,5.525000095,5.676953807,5.373046384,1.101803064,1.35756433,0.5201690197,0.4657332301,0.1520736665,0.09261021018,1.835011244
Turkey 2017,69,5.5,5.594864963,5.405135037,1.198274374,1.337753177,0.6376056075,0.3007405996,0.04669304192,0.0996715799,1.879277945
Paraguay 2017,70,5.493000031,5.57738127,5.408618791,0.9325373173,1.50728488,0.5792506933,0.4735077918,0.2241506577,0.09106591344,1.68533349
"Hong Kong S.A.R., China 2017",71,5.472000122,5.549594173,5.394406071,1.551674843,1.262790918,0.9430624247,0.4909686446,0.3744657934,0.2939337492,0.5546331406
Philippines 2017,72,5.429999828,5.545335054,5.314664602,0.8576992154,1.253917575,0.4680090547,0.5852146745,0.1935134232,0.09933189303,1.972604752
Serbia 2017,73,5.394999981,5.491569656,5.298430306,1.069317579,1.258189797,0.6507846713,0.2087155282,0.2201258838,0.04090378061,1.947084427
Jordan 2017,74,5.335999966,5.448410022,5.223589909,0.9910123944,1.239088893,0.6045900583,0.4184211493,0.1721704602,0.1198032722,1.791176558
Hungary 2017,75,5.323999882,5.403039709,5.244960054,1.286011934,1.343133092,0.6877634525,0.1758635193,0.07840166241,0.03663693741,1.716459274
Jamaica 2017,76,5.31099987,5.581398728,5.040601012,0.9255793095,1.368218064,0.6410223842,0.4743072391,0.2338183373,0.05526778102,1.612325668
Croatia 2017,77,5.293000221,5.391777205,5.194223238,1.222556233,0.9679830074,0.7012885213,0.2557722926,0.2480029762,0.04310311005,1.854492426
Kosovo 2017,78,5.278999805,5.364847995,5.193151615,0.9514843822,1.137853503,0.5414520502,0.2602879405,0.3199314475,0.05747161806,2.010540724
China 2017,79,5.272999763,5.31927809,5.226721437,1.081165791,1.160837412,0.7414155006,0.472787708,0.028806841,0.02279427461,1.764938593
Pakistan 2017,80,5.269000053,5.359983641,5.178016465,0.7268835306,0.6726906896,0.4020477831,0.2352152616,0.3154460192,0.1243480667,2.79248929
Indonesia 2017,81,5.262000084,5.352888598,5.17111157,0.9955385923,1.274444699,0.4923457205,0.4433234632,0.6117045879,0.01531713549,1.429476976
Venezuela 2017,82,5.25,5.370031946,5.129968054,1.128431201,1.431337595,0.617144227,0.1539971232,0.0650196299,0.06449112296,1.789463758
Montenegro 2017,83,5.236999989,5.341044441,5.132955537,1.121129036,1.238376498,0.6674646735,0.1949890554,0.1979110241,0.0881741941,1.729191542
Morocco 2017,84,5.235000134,5.318340965,5.151659302,0.8781145811,0.7748644352,0.597710669,0.4081583321,0.03220995516,0.08776318282,2.456189394
Azerbaijan 2017,85,5.234000206,5.299286535,5.168713877,1.153601766,1.152400255,0.5407757759,0.3981558383,0.04526934028,0.1809875071,1.762481689
Dominican Republic 2017,86,5.230000019,5.349060885,5.110939153,1.079373837,1.402416706,0.5748737454,0.5525898337,0.1869678497,0.1139452532,1.31946516
Greece 2017,87,5.227000237,5.325246169,5.128754304,1.289487481,1.239414573,0.8101989031,0.09573125094,0,0.04328977689,1.749221563
Lebanon 2017,88,5.224999905,5.318882288,5.131117521,1.074987531,1.129624248,0.7350810766,0.288515985,0.2644507587,0.03751382977,1.695073843
Portugal 2017,89,5.195000172,5.285041733,5.10495861,1.315175295,1.367043018,0.7958435416,0.4984652996,0.09510271251,0.01586945169,1.107682705
Bosnia and Herzegovina 2017,90,5.18200016,5.276335687,5.087664634,0.9824094176,1.069335938,0.7051863074,0.2044031769,0.3288674951,0,1.892172575
Honduras 2017,91,5.181000233,5.301582797,5.060417669,0.7305731177,1.143944979,0.5825694799,0.3480798602,0.2361888736,0.07334545255,2.065811157
Macedonia 2017,92,5.175000191,5.27217264,5.077827742,1.064577937,1.207893014,0.6449481845,0.3259059787,0.2537609637,0.06027779356,1.617469311
Somalia 2017,93,5.151000023,5.24248371,5.059516336,0.02264318429,0.7211513519,0.1139891371,0.602126956,0.2916313112,0.2824103236,3.11748457
Vietnam 2017,94,5.073999882,5.147280765,5.000718999,0.7885475755,1.277491331,0.6521689892,0.5710555911,0.2349680513,0.08763323724,1.462318659
Nigeria 2017,95,5.073999882,5.209500135,4.938499628,0.7837562561,1.215770483,0.05691573024,0.3949525654,0.2309471965,0.02612156607,2.365390539
Tajikistan 2017,96,5.040999889,5.111425596,4.970574183,0.5247136354,1.271463275,0.5292351246,0.4715667069,0.2489976436,0.1463771462,1.84904933
Bhutan 2017,97,5.011000156,5.079334562,4.942665751,0.8854163885,1.340126514,0.4958792925,0.5015376806,0.4740545452,0.1733803898,1.140184402
Kyrgyzstan 2017,98,5.004000187,5.089919903,4.918080471,0.5962200761,1.394238591,0.5534577966,0.4549433887,0.4285803735,0.039439179,1.536723137
Nepal 2017,99,4.961999893,5.067356079,4.856643707,0.4798201919,1.179283261,0.5041307807,0.4403059483,0.3940961659,0.07297554612,1.891241074
Mongolia 2017,100,4.954999924,5.021679509,4.888320338,1.027235866,1.493011236,0.5577834845,0.3941439688,0.3384642303,0.03290228918,1.111292362
South Africa 2017,101,4.828999996,4.929435188,4.728564805,1.054698706,1.384788632,0.1870800704,0.4792467356,0.1393623799,0.0725094974,1.510908604
Tunisia 2017,102,4.804999828,4.884367007,4.72563265,1.007265806,0.8683514595,0.613212049,0.2896806896,0.0496933572,0.08672314882,1.89025116
Palestinian Territories 2017,103,4.775000095,4.881848343,4.668151848,0.7162492275,1.155647159,0.5656669736,0.2547110617,0.1141731739,0.08928260207,1.878890276
Egypt 2017,104,4.735000134,4.82513379,4.644866477,0.9897018075,0.9974713922,0.5201872587,0.2821101546,0.1286314428,0.1143813655,1.702161074
Bulgaria 2017,105,4.714000225,4.803694706,4.624305744,1.161459088,1.434379458,0.7082176805,0.2892317176,0.1131776944,0.01105153095,0.9961392879
Sierra Leone 2017,106,4.709000111,4.850643335,4.567356886,0.3684209287,0.984136045,0.005564753897,0.318697691,0.2930409014,0.07109517604,2.668459892
Cameroon 2017,107,4.695000172,4.796540857,4.593459486,0.5643053651,0.946018219,0.1328921169,0.4303887486,0.2362984568,0.05130663142,2.333645582
Iran 2017,108,4.691999912,4.798224708,4.585775117,1.156873107,0.711551249,0.6393331885,0.2493226081,0.3872429132,0.0487610735,1.498734951
Albania 2017,109,4.644000053,4.752464006,4.5355361,0.9961927533,0.8036852479,0.7311597466,0.3814986348,0.2013129443,0.039864216,1.490441561
Bangladesh 2017,110,4.607999802,4.689821658,4.526177945,0.5866829753,0.7351317406,0.5332410336,0.4783566594,0.1722553521,0.1237178594,1.978736162
Namibia 2017,111,4.573999882,4.770354741,4.377645023,0.9644343257,1.098470807,0.3386118114,0.5203035474,0.07713374496,0.09314697236,1.481890202
Kenya 2017,112,4.552999973,4.655691591,4.450308356,0.5604794621,1.067950726,0.3099883497,0.4527637661,0.4448603094,0.06464131922,1.651902199
Mozambique 2017,113,4.550000191,4.774102326,4.325898055,0.23430565,0.870701015,0.1066544354,0.4807910919,0.3222281039,0.1794363856,2.355650902
Myanmar 2017,114,4.545000076,4.614739946,4.475260206,0.3671105504,1.123235941,0.3975225687,0.5144920349,0.838075161,0.1888162047,1.115290403
Senegal 2017,115,4.534999847,4.601603781,4.468395914,0.4793090224,1.179691911,0.4093628526,0.3779222667,0.1834688932,0.115460448,1.789646149
Zambia 2017,116,4.513999939,4.644105501,4.383894376,0.6364067793,1.003187299,0.2578358948,0.4616034925,0.2495801449,0.07821355015,1.826705456
Iraq 2017,117,4.497000217,4.62259141,4.371409025,1.102710485,0.9786131978,0.50118047,0.2885555327,0.199637264,0.1072157547,1.318907261
Gabon 2017,118,4.465000153,4.557361766,4.37263854,1.198210239,1.155620217,0.3565785885,0.312328577,0.04378537834,0.0760467872,1.322916269
Ethiopia 2017,119,4.460000038,4.542728677,4.3772714,0.3392338455,0.8646692038,0.3534097075,0.4088427424,0.3126507401,0.1654557139,2.015743732
Sri Lanka 2017,120,4.440000057,4.553447192,4.326552922,1.009850144,1.259976387,0.6251308322,0.5612132549,0.4908635616,0.07365396619,0.4193892479
Armenia 2017,121,4.375999928,4.466734612,4.285265243,0.9005967379,1.007483721,0.637524426,0.1983032674,0.08348809183,0.0266744215,1.521499157
India 2017,122,4.315000057,4.371522017,4.258478097,0.7922212481,0.7543725967,0.4554276168,0.469987005,0.2315384895,0.09222688526,1.519117117
Mauritania 2017,123,4.291999817,4.377163616,4.206836018,0.6484572887,1.27203083,0.2853492796,0.09609804302,0.2018700242,0.1369570047,1.651637316
Congo (Brazzaville) 2017,124,4.290999889,4.410053505,4.171946274,0.8089642525,0.832044363,0.2899574339,0.4350258708,0.1208521277,0.0796181336,1.724135637
Georgia 2017,125,4.285999775,4.374933966,4.197065584,0.9506126642,0.570614934,0.6495469809,0.3094100356,0.05400881544,0.2516666353,1.500137806
Congo (Kinshasa) 2017,126,4.28000021,4.357810833,4.202189587,0.0921023488,1.229023457,0.1914070249,0.2359613478,0.2464558333,0.06024135649,2.224958658
Mali 2017,127,4.190000057,4.269670711,4.110329403,0.4761804938,1.281473398,0.1693656743,0.3066137433,0.1833541989,0.1049702466,1.668190956
Ivory Coast 2017,128,4.179999828,4.275182563,4.084817093,0.6030489206,0.9047800303,0.04864216968,0.4477061927,0.2012374699,0.1300617754,1.844964266
Cambodia 2017,129,4.168000221,4.278517814,4.057482629,0.6017650962,1.006238341,0.4297834039,0.6333758235,0.3859229684,0.06810595095,1.042941093
Sudan 2017,130,4.138999939,4.345747165,3.932252713,0.6595166922,1.21400857,0.2909208238,0.01499585528,0.1823174506,0.08984751999,1.68706584
Ghana 2017,131,4.119999886,4.222707209,4.017292563,0.6672248244,0.8736647367,0.2956377268,0.4230262935,0.2569239438,0.02533636987,1.577867508
Ukraine 2017,132,4.096000195,4.185410105,4.006590285,0.8946519494,1.394537568,0.5759039521,0.1229747757,0.2700614631,0.02302947082,0.8143823147
Uganda 2017,133,4.080999851,4.195799967,3.966199735,0.3814307153,1.129827738,0.2176326066,0.4431859553,0.3257660568,0.05706971884,1.526362658
Burkina Faso 2017,134,4.032000065,4.124059064,3.939941065,0.3502277136,1.043280005,0.2158442587,0.324367851,0.2508646846,0.120328106,1.727212906
Niger 2017,135,4.027999878,4.11194682,3.944052936,0.1619253308,0.9930250049,0.268505007,0.3636586964,0.2286738455,0.1385729462,1.873983383
Malawi 2017,136,3.970000029,4.077478817,3.86252124,0.2334420383,0.5125688314,0.3150895834,0.4669146538,0.2871704698,0.07271165401,2.081786156
Chad 2017,137,3.936000109,4.034711524,3.837288693,0.4380129874,0.9538558722,0.04113471508,0.1623420268,0.2161138505,0.05358188227,2.071238041
Zimbabwe 2017,138,3.875,3.978699643,3.771300357,0.375846535,1.083095908,0.1967637539,0.336384207,0.1891434938,0.09537538141,1.597970247
Lesotho 2017,139,3.808000088,4.044343975,3.5716562,0.5210212469,1.190095186,0,0.3906612992,0.1574972719,0.11909464,1.42983532
Angola 2017,140,3.795000076,3.951641935,3.638358217,0.8584281802,1.10441196,0.04986866564,0,0.09792649001,0.0697203353,1.614482403
Afghanistan 2017,141,3.79399991,3.873661415,3.714338405,0.4014772177,0.5815433264,0.1807467788,0.1061795205,0.3118709326,0.06115783006,2.150801182
Botswana 2017,142,3.766000032,3.874122666,3.657877399,1.122094154,1.221554995,0.3417555094,0.5051963329,0.09934844822,0.09858319908,0.3779137135
Benin 2017,143,3.657000065,3.745783551,3.568216578,0.4310854077,0.4352998435,0.2099302113,0.4259627759,0.2079484612,0.06092901528,1.885630965
Madagascar 2017,144,3.644000053,3.714319106,3.573681001,0.3058086932,0.9130203724,0.3752233088,0.1891967654,0.2087325305,0.0672319755,1.584612608
Haiti 2017,145,3.602999926,3.734714798,3.471285053,0.3686102629,0.6404498219,0.27732113,0.03036985733,0.4892037809,0.09987214953,1.697167635
Yemen 2017,146,3.592999935,3.69275032,3.49324955,0.5916834474,0.935382247,0.3100809157,0.2494637221,0.1041252092,0.05676742271,1.345600605
South Sudan 2017,147,3.59100008,3.725538586,3.456461574,0.3972486258,0.6013231277,0.1634860039,0.1470624357,0.2856708169,0.1167935133,1.879567385
Liberia 2017,148,3.532999992,3.653756261,3.412243724,0.119041793,0.8721179366,0.2299181968,0.3328811824,0.2665498853,0.03894824907,1.673285961
Guinea 2017,149,3.506999969,3.584428129,3.42957181,0.2445499301,0.7912446856,0.1941291392,0.348587513,0.2648150921,0.1109376177,1.552311897
Togo 2017,150,3.494999886,3.594038112,3.395961659,0.3054447174,0.4318825305,0.2471055686,0.3804261386,0.1968961507,0.09566501528,1.837229252
Rwanda 2017,151,3.470999956,3.543030234,3.398969679,0.3687458932,0.9457070231,0.3264248073,0.581843853,0.2527560294,0.4552200139,0.5400612354
Syria 2017,152,3.461999893,3.663668557,3.26033123,0.7771531343,0.3961026073,0.5005333424,0.08153944463,0.4936637282,0.1513471305,1.061573505
Tanzania 2017,153,3.348999977,3.461429755,3.236570199,0.5111358762,1.041989803,0.3645092845,0.3900177777,0.3542563617,0.06603510678,0.6211304665
Burundi 2017,154,2.904999971,3.074690333,2.73530961,0.09162256867,0.6297935843,0.1516107917,0.0599007532,0.2044351846,0.08414794505,1.683024168
Central African Republic 2017,155,2.693000078,2.864884269,2.521115887,0,0,0.0187726859,0.2708420455,0.2808764875,0.05656507611,2.066004753
Finland 2018,1,7.632,,,1.305,1.592,0.874,0.681,0.202,0.393,
Norway 2018,2,7.594,,,1.456,1.582,0.861,0.686,0.286,0.34,
Denmark 2018,3,7.555,,,1.351,1.59,0.868,0.683,0.284,0.408,
Iceland 2018,4,7.495,,,1.343,1.644,0.914,0.677,0.353,0.138,
Switzerland 2018,5,7.487,,,1.42,1.549,0.927,0.66,0.256,0.357,
Netherlands 2018,6,7.441,,,1.361,1.488,0.878,0.638,0.333,0.295,
Canada 2018,7,7.328,,,1.33,1.532,0.896,0.653,0.321,0.291,
New Zealand 2018,8,7.324,,,1.268,1.601,0.876,0.669,0.365,0.389,
Sweden 2018,9,7.314,,,1.355,1.501,0.913,0.659,0.285,0.383,
Australia 2018,10,7.272,,,1.34,1.573,0.91,0.647,0.361,0.302,
United Kingdom 2018,11,7.19,,,1.244,1.433,0.888,0.464,0.262,0.082,
Austria 2018,12,7.139,,,1.341,1.504,0.891,0.617,0.242,0.224,
Costa Rica 2018,13,7.072,,,1.01,1.459,0.817,0.632,0.143,0.101,
Ireland 2018,14,6.977,,,1.448,1.583,0.876,0.614,0.307,0.306,
Germany 2018,15,6.965,,,1.34,1.474,0.861,0.586,0.273,0.28,
Belgium 2018,16,6.927,,,1.324,1.483,0.894,0.583,0.188,0.24,
Luxembourg 2018,17,6.91,,,1.576,1.52,0.896,0.632,0.196,0.321,
United States 2018,18,6.886,,,1.398,1.471,0.819,0.547,0.291,0.133,
Israel 2018,19,6.814,,,1.301,1.559,0.883,0.533,0.354,0.272,
United Arab Emirates 2018,20,6.774,,,2.096,0.776,0.67,0.284,0.186,N/A,
Czech Republic 2018,21,6.711,,,1.233,1.489,0.854,0.543,0.064,0.034,
Malta 2018,22,6.627,,,1.27,1.525,0.884,0.645,0.376,0.142,
France 2018,23,6.489,,,1.293,1.466,0.908,0.52,0.098,0.176,
Mexico 2018,24,6.488,,,1.038,1.252,0.761,0.479,0.069,0.095,
Chile 2018,25,6.476,,,1.131,1.331,0.808,0.431,0.197,0.061,
Taiwan 2018,26,6.441,,,1.365,1.436,0.857,0.418,0.151,0.078,
Panama 2018,27,6.43,,,1.112,1.438,0.759,0.597,0.125,0.063,
Brazil 2018,28,6.419,,,0.986,1.474,0.675,0.493,0.11,0.088,
Argentina 2018,29,6.388,,,1.073,1.468,0.744,0.57,0.062,0.054,
Guatemala 2018,30,6.382,,,0.781,1.268,0.608,0.604,0.179,0.071,
Uruguay 2018,31,6.379,,,1.093,1.459,0.771,0.625,0.13,0.155,
Qatar 2018,32,6.374,,,1.649,1.303,0.748,0.654,0.256,0.171,
Saudi Arabia 2018,33,6.371,,,1.379,1.331,0.633,0.509,0.098,0.127,
Singapore 2018,34,6.343,,,1.529,1.451,1.008,0.631,0.261,0.457,
Malaysia 2018,35,6.322,,,1.161,1.258,0.669,0.356,0.311,0.059,
Spain 2018,36,6.31,,,1.251,1.538,0.965,0.449,0.142,0.074,
Colombia 2018,37,6.26,,,0.96,1.439,0.635,0.531,0.099,0.039,
Trinidad & Tobago 2018,38,6.192,,,1.223,1.492,0.564,0.575,0.171,0.019,
Slovakia 2018,39,6.173,,,1.21,1.537,0.776,0.354,0.118,0.014,
El Salvador 2018,40,6.167,,,0.806,1.231,0.639,0.461,0.065,0.082,
Nicaragua 2018,41,6.141,,,0.668,1.319,0.7,0.527,0.208,0.128,
Poland 2018,42,6.123,,,1.176,1.448,0.781,0.546,0.108,0.064,
Bahrain 2018,43,6.105,,,1.338,1.366,0.698,0.594,0.243,0.123,
Uzbekistan 2018,44,6.096,,,0.719,1.584,0.605,0.724,0.328,0.259,
Kuwait 2018,45,6.083,,,1.474,1.301,0.675,0.554,0.167,0.106,
Thailand 2018,46,6.072,,,1.016,1.417,0.707,0.637,0.364,0.029,
Italy 2018,47,6,,,1.264,1.501,0.946,0.281,0.137,0.028,
Ecuador 2018,48,5.973,,,0.889,1.33,0.736,0.556,0.114,0.12,
Belize 2018,49,5.956,,,0.807,1.101,0.474,0.593,0.183,0.089,
Lithuania 2018,50,5.952,,,1.197,1.527,0.716,0.35,0.026,0.006,
Slovenia 2018,51,5.948,,,1.219,1.506,0.856,0.633,0.16,0.051,
Romania 2018,52,5.945,,,1.116,1.219,0.726,0.528,0.088,0.001,
Latvia 2018,53,5.933,,,1.148,1.454,0.671,0.363,0.092,0.066,
Japan 2018,54,5.915,,,1.294,1.462,0.988,0.553,0.079,0.15,
Mauritius 2018,55,5.891,,,1.09,1.387,0.684,0.584,0.245,0.05,
Jamaica 2018,56,5.89,,,0.819,1.493,0.693,0.575,0.096,0.031,
South Korea 2018,57,5.875,,,1.266,1.204,0.955,0.244,0.175,0.051,
Northern Cyprus 2018,58,5.835,,,1.229,1.211,0.909,0.495,0.179,0.154,
Russia 2018,59,5.81,,,1.151,1.479,0.599,0.399,0.065,0.025,
Kazakhstan 2018,60,5.79,,,1.143,1.516,0.631,0.454,0.148,0.121,
Cyprus 2018,61,5.762,,,1.229,1.191,0.909,0.423,0.202,0.035,
Bolivia 2018,62,5.752,,,0.751,1.223,0.508,0.606,0.141,0.054,
Estonia 2018,63,5.739,,,1.2,1.532,0.737,0.553,0.086,0.174,
Paraguay 2018,64,5.681,,,0.835,1.522,0.615,0.541,0.162,0.074,
Peru 2018,65,5.663,,,0.934,1.249,0.674,0.53,0.092,0.034,
Kosovo 2018,66,5.662,,,0.855,1.23,0.578,0.448,0.274,0.023,
Moldova 2018,67,5.64,,,0.657,1.301,0.62,0.232,0.171,0,
Turkmenistan 2018,68,5.636,,,1.016,1.533,0.517,0.417,0.199,0.037,
Hungary 2018,69,5.62,,,1.171,1.401,0.732,0.259,0.061,0.022,
Libya 2018,70,5.566,,,0.985,1.35,0.553,0.496,0.116,0.148,
Philippines 2018,71,5.524,,,0.775,1.312,0.513,0.643,0.12,0.105,
Honduras 2018,72,5.504,,,0.62,1.205,0.622,0.459,0.197,0.074,
Belarus 2018,73,5.483,,,1.039,1.498,0.7,0.307,0.101,0.154,
Turkey 2018,74,5.483,,,1.148,1.38,0.686,0.324,0.106,0.109,
Pakistan 2018,75,5.472,,,0.652,0.81,0.424,0.334,0.216,0.113,
Hong Kong 2018,76,5.43,,,1.405,1.29,1.03,0.524,0.246,0.291,
Portugal 2018,77,5.41,,,1.188,1.429,0.884,0.562,0.055,0.017,
Serbia 2018,78,5.398,,,0.975,1.369,0.685,0.288,0.134,0.043,
Greece 2018,79,5.358,,,1.154,1.202,0.879,0.131,0,0.044,
Lebanon 2018,80,5.358,,,0.965,1.179,0.785,0.503,0.214,0.136,
Montenegro 2018,81,5.347,,,1.017,1.279,0.729,0.259,0.111,0.081,
Croatia 2018,82,5.321,,,1.115,1.161,0.737,0.38,0.12,0.039,
Dominican Republic 2018,83,5.302,,,0.982,1.441,0.614,0.578,0.12,0.106,
Algeria 2018,84,5.295,,,0.979,1.154,0.687,0.077,0.055,0.135,
Morocco 2018,85,5.254,,,0.779,0.797,0.669,0.46,0.026,0.074,
China 2018,86,5.246,,,0.989,1.142,0.799,0.597,0.029,0.103,
Azerbaijan 2018,87,5.201,,,1.024,1.161,0.603,0.43,0.031,0.176,
Tajikistan 2018,88,5.199,,,0.474,1.166,0.598,0.292,0.187,0.034,
Macedonia 2018,89,5.185,,,0.959,1.239,0.691,0.394,0.173,0.052,
Jordan 2018,90,5.161,,,0.822,1.265,0.645,0.468,0.13,0.134,
Nigeria 2018,91,5.155,,,0.689,1.172,0.048,0.462,0.201,0.032,
Kyrgyzstan 2018,92,5.131,,,0.53,1.416,0.594,0.54,0.281,0.035,
Bosnia and Herzegovina 2018,93,5.129,,,0.915,1.078,0.758,0.28,0.216,0,
Mongolia 2018,94,5.125,,,0.914,1.517,0.575,0.395,0.253,0.032,
Vietnam 2018,95,5.103,,,0.715,1.365,0.702,0.618,0.177,0.079,
Indonesia 2018,96,5.093,,,0.899,1.215,0.522,0.538,0.484,0.018,
Bhutan 2018,97,5.082,,,0.796,1.335,0.527,0.541,0.364,0.171,
Somalia 2018,98,4.982,,,0,0.712,0.115,0.674,0.238,0.282,
Cameroon 2018,99,4.975,,,0.535,0.891,0.182,0.454,0.183,0.043,
Bulgaria 2018,100,4.933,,,1.054,1.515,0.712,0.359,0.064,0.009,
Nepal 2018,101,4.88,,,0.425,1.228,0.539,0.526,0.302,0.078,
Venezuela 2018,102,4.806,,,0.996,1.469,0.657,0.133,0.056,0.052,
Gabon 2018,103,4.758,,,1.036,1.164,0.404,0.356,0.032,0.052,
Palestinian Territories 2018,104,4.743,,,0.642,1.217,0.602,0.266,0.086,0.076,
South Africa 2018,105,4.724,,,0.94,1.41,0.33,0.516,0.103,0.056,
Iran 2018,106,4.707,,,1.059,0.771,0.691,0.459,0.282,0.129,
Ivory Coast 2018,107,4.671,,,0.541,0.872,0.08,0.467,0.146,0.103,
Ghana 2018,108,4.657,,,0.592,0.896,0.337,0.499,0.212,0.029,
Senegal 2018,109,4.631,,,0.429,1.117,0.433,0.406,0.138,0.082,
Laos 2018,110,4.623,,,0.72,1.034,0.441,0.626,0.23,0.174,
Tunisia 2018,111,4.592,,,0.9,0.906,0.69,0.271,0.04,0.063,
Albania 2018,112,4.586,,,0.916,0.817,0.79,0.419,0.149,0.032,
Sierra Leone 2018,113,4.571,,,0.256,0.813,0,0.355,0.238,0.053,
Congo (Brazzaville) 2018,114,4.559,,,0.682,0.811,0.343,0.514,0.091,0.077,
Bangladesh 2018,115,4.5,,,0.532,0.85,0.579,0.58,0.153,0.144,
Sri Lanka 2018,116,4.471,,,0.918,1.314,0.672,0.585,0.307,0.05,
Iraq 2018,117,4.456,,,1.01,0.971,0.536,0.304,0.148,0.095,
Mali 2018,118,4.447,,,0.37,1.233,0.152,0.367,0.139,0.056,
Namibia 2018,119,4.441,,,0.874,1.281,0.365,0.519,0.051,0.064,
Cambodia 2018,120,4.433,,,0.549,1.088,0.457,0.696,0.256,0.065,
Burkina Faso 2018,121,4.424,,,0.314,1.097,0.254,0.312,0.175,0.128,
Egypt 2018,122,4.419,,,0.885,1.025,0.553,0.312,0.092,0.107,
Mozambique 2018,123,4.417,,,0.198,0.902,0.173,0.531,0.206,0.158,
Kenya 2018,124,4.41,,,0.493,1.048,0.454,0.504,0.352,0.055,
Zambia 2018,125,4.377,,,0.562,1.047,0.295,0.503,0.221,0.082,
Mauritania 2018,126,4.356,,,0.557,1.245,0.292,0.129,0.134,0.093,
Ethiopia 2018,127,4.35,,,0.308,0.95,0.391,0.452,0.22,0.146,
Georgia 2018,128,4.34,,,0.853,0.592,0.643,0.375,0.038,0.215,
Armenia 2018,129,4.321,,,0.816,0.99,0.666,0.26,0.077,0.028,
Myanmar 2018,130,4.308,,,0.682,1.174,0.429,0.58,0.598,0.178,
Chad 2018,131,4.301,,,0.358,0.907,0.053,0.189,0.181,0.06,
Congo (Kinshasa) 2018,132,4.245,,,0.069,1.136,0.204,0.312,0.197,0.052,
India 2018,133,4.19,,,0.721,0.747,0.485,0.539,0.172,0.093,
Niger 2018,134,4.166,,,0.131,0.867,0.221,0.39,0.175,0.099,
Uganda 2018,135,4.161,,,0.322,1.09,0.237,0.45,0.259,0.061,
Benin 2018,136,4.141,,,0.378,0.372,0.24,0.44,0.163,0.067,
Sudan 2018,137,4.139,,,0.605,1.24,0.312,0.016,0.134,0.082,
Ukraine 2018,138,4.103,,,0.793,1.413,0.609,0.163,0.187,0.011,
Togo 2018,139,3.999,,,0.259,0.474,0.253,0.434,0.158,0.101,
Guinea 2018,140,3.964,,,0.344,0.792,0.211,0.394,0.185,0.094,
Lesotho 2018,141,3.808,,,0.472,1.215,0.079,0.423,0.116,0.112,
Angola 2018,142,3.795,,,0.73,1.125,0.269,0,0.079,0.061,
Madagascar 2018,143,3.774,,,0.262,0.908,0.402,0.221,0.155,0.049,
Zimbabwe 2018,144,3.692,,,0.357,1.094,0.248,0.406,0.132,0.099,
Afghanistan 2018,145,3.632,,,0.332,0.537,0.255,0.085,0.191,0.036,
Botswana 2018,146,3.59,,,1.017,1.174,0.417,0.557,0.042,0.092,
Malawi 2018,147,3.587,,,0.186,0.541,0.306,0.531,0.21,0.08,
Haiti 2018,148,3.582,,,0.315,0.714,0.289,0.025,0.392,0.104,
Liberia 2018,149,3.495,,,0.076,0.858,0.267,0.419,0.206,0.03,
Syria 2018,150,3.462,,,0.689,0.382,0.539,0.088,0.376,0.144,
Rwanda 2018,151,3.408,,,0.332,0.896,0.4,0.636,0.2,0.444,
Yemen 2018,152,3.355,,,0.442,1.073,0.343,0.244,0.083,0.064,
Tanzania 2018,153,3.303,,,0.455,0.991,0.381,0.481,0.27,0.097,
South Sudan 2018,154,3.254,,,0.337,0.608,0.177,0.112,0.224,0.106,
Central African Republic 2018,155,3.083,,,0.024,0,0.01,0.305,0.218,0.038,
Burundi 2018,156,2.905,,,0.091,0.627,0.145,0.065,0.149,0.076,
Finland 2019,1,7.769,,,1.34,1.587,0.986,0.596,0.153,0.393,
Denmark 2019,2,7.6,,,1.383,1.573,0.996,0.592,0.252,0.41,
Norway 2019,3,7.554,,,1.488,1.582,1.028,0.603,0.271,0.341,
Iceland 2019,4,7.494,,,1.38,1.624,1.026,0.591,0.354,0.118,
Netherlands 2019,5,7.488,,,1.396,1.522,0.999,0.557,0.322,0.298,
Switzerland 2019,6,7.48,,,1.452,1.526,1.052,0.572,0.263,0.343,
Sweden 2019,7,7.343,,,1.387,1.487,1.009,0.574,0.267,0.373,
New Zealand 2019,8,7.307,,,1.303,1.557,1.026,0.585,0.33,0.38,
Canada 2019,9,7.278,,,1.365,1.505,1.039,0.584,0.285,0.308,
Austria 2019,10,7.246,,,1.376,1.475,1.016,0.532,0.244,0.226,
Australia 2019,11,7.228,,,1.372,1.548,1.036,0.557,0.332,0.29,
Costa Rica 2019,12,7.167,,,1.034,1.441,0.963,0.558,0.144,0.093,
Israel 2019,13,7.139,,,1.276,1.455,1.029,0.371,0.261,0.082,
Luxembourg 2019,14,7.09,,,1.609,1.479,1.012,0.526,0.194,0.316,
United Kingdom 2019,15,7.054,,,1.333,1.538,0.996,0.45,0.348,0.278,
Ireland 2019,16,7.021,,,1.499,1.553,0.999,0.516,0.298,0.31,
Germany 2019,17,6.985,,,1.373,1.454,0.987,0.495,0.261,0.265,
Belgium 2019,18,6.923,,,1.356,1.504,0.986,0.473,0.16,0.21,
United States 2019,19,6.892,,,1.433,1.457,0.874,0.454,0.28,0.128,
Czech Republic 2019,20,6.852,,,1.269,1.487,0.92,0.457,0.046,0.036,
United Arab Emirates 2019,21,6.825,,,1.503,1.31,0.825,0.598,0.262,0.182,
Malta 2019,22,6.726,,,1.3,1.52,0.999,0.564,0.375,0.151,
Mexico 2019,23,6.595,,,1.07,1.323,0.861,0.433,0.074,0.073,
France 2019,24,6.592,,,1.324,1.472,1.045,0.436,0.111,0.183,
Taiwan 2019,25,6.446,,,1.368,1.43,0.914,0.351,0.242,0.097,
Chile 2019,26,6.444,,,1.159,1.369,0.92,0.357,0.187,0.056,
Guatemala 2019,27,6.436,,,0.8,1.269,0.746,0.535,0.175,0.078,
Saudi Arabia 2019,28,6.375,,,1.403,1.357,0.795,0.439,0.08,0.132,
Qatar 2019,29,6.374,,,1.684,1.313,0.871,0.555,0.22,0.167,
Spain 2019,30,6.354,,,1.286,1.484,1.062,0.362,0.153,0.079,
Panama 2019,31,6.321,,,1.149,1.442,0.91,0.516,0.109,0.054,
Brazil 2019,32,6.3,,,1.004,1.439,0.802,0.39,0.099,0.086,
Uruguay 2019,33,6.293,,,1.124,1.465,0.891,0.523,0.127,0.15,
Singapore 2019,34,6.262,,,1.572,1.463,1.141,0.556,0.271,0.453,
El Salvador 2019,35,6.253,,,0.794,1.242,0.789,0.43,0.093,0.074,
Italy 2019,36,6.223,,,1.294,1.488,1.039,0.231,0.158,0.03,
Bahrain 2019,37,6.199,,,1.362,1.368,0.871,0.536,0.255,0.11,
Slovakia 2019,38,6.198,,,1.246,1.504,0.881,0.334,0.121,0.014,
Trinidad & Tobago 2019,39,6.192,,,1.231,1.477,0.713,0.489,0.185,0.016,
Poland 2019,40,6.182,,,1.206,1.438,0.884,0.483,0.117,0.05,
Uzbekistan 2019,41,6.174,,,0.745,1.529,0.756,0.631,0.322,0.24,
Lithuania 2019,42,6.149,,,1.238,1.515,0.818,0.291,0.043,0.042,
Colombia 2019,43,6.125,,,0.985,1.41,0.841,0.47,0.099,0.034,
Slovenia 2019,44,6.118,,,1.258,1.523,0.953,0.564,0.144,0.057,
Nicaragua 2019,45,6.105,,,0.694,1.325,0.835,0.435,0.2,0.127,
Kosovo 2019,46,6.1,,,0.882,1.232,0.758,0.489,0.262,0.006,
Argentina 2019,47,6.086,,,1.092,1.432,0.881,0.471,0.066,0.05,
Romania 2019,48,6.07,,,1.162,1.232,0.825,0.462,0.083,0.005,
Cyprus 2019,49,6.046,,,1.263,1.223,1.042,0.406,0.19,0.041,
Ecuador 2019,50,6.028,,,0.912,1.312,0.868,0.498,0.126,0.087,
Kuwait 2019,51,6.021,,,1.5,1.319,0.808,0.493,0.142,0.097,
Thailand 2019,52,6.008,,,1.05,1.409,0.828,0.557,0.359,0.028,
Latvia 2019,53,5.94,,,1.187,1.465,0.812,0.264,0.075,0.064,
South Korea 2019,54,5.895,,,1.301,1.219,1.036,0.159,0.175,0.056,
Estonia 2019,55,5.893,,,1.237,1.528,0.874,0.495,0.103,0.161,
Jamaica 2019,56,5.89,,,0.831,1.478,0.831,0.49,0.107,0.028,
Mauritius 2019,57,5.888,,,1.12,1.402,0.798,0.498,0.215,0.06,
Japan 2019,58,5.886,,,1.327,1.419,1.088,0.445,0.069,0.14,
Honduras 2019,59,5.86,,,0.642,1.236,0.828,0.507,0.246,0.078,
Kazakhstan 2019,60,5.809,,,1.173,1.508,0.729,0.41,0.146,0.096,
Bolivia 2019,61,5.779,,,0.776,1.209,0.706,0.511,0.137,0.064,
Hungary 2019,62,5.758,,,1.201,1.41,0.828,0.199,0.081,0.02,
Paraguay 2019,63,5.743,,,0.855,1.475,0.777,0.514,0.184,0.08,
Northern Cyprus 2019,64,5.718,,,1.263,1.252,1.042,0.417,0.191,0.162,
Peru 2019,65,5.697,,,0.96,1.274,0.854,0.455,0.083,0.027,
Portugal 2019,66,5.693,,,1.221,1.431,0.999,0.508,0.047,0.025,
Pakistan 2019,67,5.653,,,0.677,0.886,0.535,0.313,0.22,0.098,
Russia 2019,68,5.648,,,1.183,1.452,0.726,0.334,0.082,0.031,
Philippines 2019,69,5.631,,,0.807,1.293,0.657,0.558,0.117,0.107,
Serbia 2019,70,5.603,,,1.004,1.383,0.854,0.282,0.137,0.039,
Moldova 2019,71,5.529,,,0.685,1.328,0.739,0.245,0.181,0,
Libya 2019,72,5.525,,,1.044,1.303,0.673,0.416,0.133,0.152,
Montenegro 2019,73,5.523,,,1.051,1.361,0.871,0.197,0.142,0.08,
Tajikistan 2019,74,5.467,,,0.493,1.098,0.718,0.389,0.23,0.144,
Croatia 2019,75,5.432,,,1.155,1.266,0.914,0.296,0.119,0.022,
Hong Kong 2019,76,5.43,,,1.438,1.277,1.122,0.44,0.258,0.287,
Dominican Republic 2019,77,5.425,,,1.015,1.401,0.779,0.497,0.113,0.101,
Bosnia and Herzegovina 2019,78,5.386,,,0.945,1.212,0.845,0.212,0.263,0.006,
Turkey 2019,79,5.373,,,1.183,1.36,0.808,0.195,0.083,0.106,
Malaysia 2019,80,5.339,,,1.221,1.171,0.828,0.508,0.26,0.024,
Belarus 2019,81,5.323,,,1.067,1.465,0.789,0.235,0.094,0.142,
Greece 2019,82,5.287,,,1.181,1.156,0.999,0.067,0,0.034,
Mongolia 2019,83,5.285,,,0.948,1.531,0.667,0.317,0.235,0.038,
North Macedonia 2019,84,5.274,,,0.983,1.294,0.838,0.345,0.185,0.034,
Nigeria 2019,85,5.265,,,0.696,1.111,0.245,0.426,0.215,0.041,
Kyrgyzstan 2019,86,5.261,,,0.551,1.438,0.723,0.508,0.3,0.023,
Turkmenistan 2019,87,5.247,,,1.052,1.538,0.657,0.394,0.244,0.028,
Algeria 2019,88,5.211,,,1.002,1.16,0.785,0.086,0.073,0.114,
Morocco 2019,89,5.208,,,0.801,0.782,0.782,0.418,0.036,0.076,
Azerbaijan 2019,90,5.208,,,1.043,1.147,0.769,0.351,0.035,0.182,
Lebanon 2019,91,5.197,,,0.987,1.224,0.815,0.216,0.166,0.027,
Indonesia 2019,92,5.192,,,0.931,1.203,0.66,0.491,0.498,0.028,
China 2019,93,5.191,,,1.029,1.125,0.893,0.521,0.058,0.1,
Vietnam 2019,94,5.175,,,0.741,1.346,0.851,0.543,0.147,0.073,
Bhutan 2019,95,5.082,,,0.813,1.321,0.604,0.457,0.37,0.167,
Cameroon 2019,96,5.044,,,0.549,0.91,0.331,0.381,0.187,0.037,
Bulgaria 2019,97,5.011,,,1.092,1.513,0.815,0.311,0.081,0.004,
Ghana 2019,98,4.996,,,0.611,0.868,0.486,0.381,0.245,0.04,
Ivory Coast 2019,99,4.944,,,0.569,0.808,0.232,0.352,0.154,0.09,
Nepal 2019,100,4.913,,,0.446,1.226,0.677,0.439,0.285,0.089,
Jordan 2019,101,4.906,,,0.837,1.225,0.815,0.383,0.11,0.13,
Benin 2019,102,4.883,,,0.393,0.437,0.397,0.349,0.175,0.082,
Congo (Brazzaville) 2019,103,4.812,,,0.673,0.799,0.508,0.372,0.105,0.093,
Gabon 2019,104,4.799,,,1.057,1.183,0.571,0.295,0.043,0.055,
Laos 2019,105,4.796,,,0.764,1.03,0.551,0.547,0.266,0.164,
South Africa 2019,106,4.722,,,0.96,1.351,0.469,0.389,0.13,0.055,
Albania 2019,107,4.719,,,0.947,0.848,0.874,0.383,0.178,0.027,
Venezuela 2019,108,4.707,,,0.96,1.427,0.805,0.154,0.064,0.047,
Cambodia 2019,109,4.7,,,0.574,1.122,0.637,0.609,0.232,0.062,
Palestinian Territories 2019,110,4.696,,,0.657,1.247,0.672,0.225,0.103,0.066,
Senegal 2019,111,4.681,,,0.45,1.134,0.571,0.292,0.153,0.072,
Somalia 2019,112,4.668,,,0,0.698,0.268,0.559,0.243,0.27,
Namibia 2019,113,4.639,,,0.879,1.313,0.477,0.401,0.07,0.056,
Niger 2019,114,4.628,,,0.138,0.774,0.366,0.318,0.188,0.102,
Burkina Faso 2019,115,4.587,,,0.331,1.056,0.38,0.255,0.177,0.113,
Armenia 2019,116,4.559,,,0.85,1.055,0.815,0.283,0.095,0.064,
Iran 2019,117,4.548,,,1.1,0.842,0.785,0.305,0.27,0.125,
Guinea 2019,118,4.534,,,0.38,0.829,0.375,0.332,0.207,0.086,
Georgia 2019,119,4.519,,,0.886,0.666,0.752,0.346,0.043,0.164,
Gambia 2019,120,4.516,,,0.308,0.939,0.428,0.382,0.269,0.167,
Kenya 2019,121,4.509,,,0.512,0.983,0.581,0.431,0.372,0.053,
Mauritania 2019,122,4.49,,,0.57,1.167,0.489,0.066,0.106,0.088,
Mozambique 2019,123,4.466,,,0.204,0.986,0.39,0.494,0.197,0.138,
Tunisia 2019,124,4.461,,,0.921,1,0.815,0.167,0.059,0.055,
Bangladesh 2019,125,4.456,,,0.562,0.928,0.723,0.527,0.166,0.143,
Iraq 2019,126,4.437,,,1.043,0.98,0.574,0.241,0.148,0.089,
Congo (Kinshasa) 2019,127,4.418,,,0.094,1.125,0.357,0.269,0.212,0.053,
Mali 2019,128,4.39,,,0.385,1.105,0.308,0.327,0.153,0.052,
Sierra Leone 2019,129,4.374,,,0.268,0.841,0.242,0.309,0.252,0.045,
Sri Lanka 2019,130,4.366,,,0.949,1.265,0.831,0.47,0.244,0.047,
Myanmar 2019,131,4.36,,,0.71,1.181,0.555,0.525,0.566,0.172,
Chad 2019,132,4.35,,,0.35,0.766,0.192,0.174,0.198,0.078,
Ukraine 2019,133,4.332,,,0.82,1.39,0.739,0.178,0.187,0.01,
Ethiopia 2019,134,4.286,,,0.336,1.033,0.532,0.344,0.209,0.1,
Swaziland 2019,135,4.212,,,0.811,1.149,0,0.313,0.074,0.135,
Uganda 2019,136,4.189,,,0.332,1.069,0.443,0.356,0.252,0.06,
Egypt 2019,137,4.166,,,0.913,1.039,0.644,0.241,0.076,0.067,
Zambia 2019,138,4.107,,,0.578,1.058,0.426,0.431,0.247,0.087,
Togo 2019,139,4.085,,,0.275,0.572,0.41,0.293,0.177,0.085,
India 2019,140,4.015,,,0.755,0.765,0.588,0.498,0.2,0.085,
Liberia 2019,141,3.975,,,0.073,0.922,0.443,0.37,0.233,0.033,
Comoros 2019,142,3.973,,,0.274,0.757,0.505,0.142,0.275,0.078,
Madagascar 2019,143,3.933,,,0.274,0.916,0.555,0.148,0.169,0.041,
Lesotho 2019,144,3.802,,,0.489,1.169,0.168,0.359,0.107,0.093,
Burundi 2019,145,3.775,,,0.046,0.447,0.38,0.22,0.176,0.18,
Zimbabwe 2019,146,3.663,,,0.366,1.114,0.433,0.361,0.151,0.089,
Haiti 2019,147,3.597,,,0.323,0.688,0.449,0.026,0.419,0.11,
Botswana 2019,148,3.488,,,1.041,1.145,0.538,0.455,0.025,0.1,
Syria 2019,149,3.462,,,0.619,0.378,0.44,0.013,0.331,0.141,
Malawi 2019,150,3.41,,,0.191,0.56,0.495,0.443,0.218,0.089,
Yemen 2019,151,3.38,,,0.287,1.163,0.463,0.143,0.108,0.077,
Rwanda 2019,152,3.334,,,0.359,0.711,0.614,0.555,0.217,0.411,
Tanzania 2019,153,3.231,,,0.476,0.885,0.499,0.417,0.276,0.147,
Afghanistan 2019,154,3.203,,,0.35,0.517,0.361,0,0.158,0.025,
Central African Republic 2019,155,3.083,,,0.026,0,0.105,0.225,0.235,0.035,
South Sudan 2019,156,2.853,,,0.306,0.575,0.295,0.01,0.202,0.091,